Rank,name,handle,Legacy Workbook Followers,Verified Instagram Followers,Verification Status,Evidence,Cross-platform X/Twitter Followers,Notes,url
1,Srk King,@srkking555,1000000,1307363,VERIFIED CURRENT,HypeAuditor / Oct 2026,,,https://www.instagram.com/srkking555/
2,Shah Rukh Khan Universe,@srkuniverse,597400,597400,VERIFIED CURRENT,Public social analytics + X cross-check,592000,,https://www.instagram.com/srkuniverse/
3,Team Shah Rukh Khan,@teamshahrukhkhan,374700,382085,VERIFIED CURRENT,Social Blade / 2026,,,https://www.instagram.com/teamshahrukhkhan/
4,Shah Rukh Khan,@shahrukh__khan__fanclub,302600,303500,VERIFIED CURRENT,Socialveins / 2026,,,https://www.instagram.com/shahrukh__khan__fanclub/
5,Shah Rukh Khan (incredible.srk),@incredible.srk,294000,301200,VERIFIED CURRENT,Reelax / 2026,,,https://www.instagram.com/incredible.srk/
6,Shah Rukh Khan,@official_shahrukh_khanfc,188500,188500,VERIFIED CURRENT,Socialveins / 2026,,,https://www.instagram.com/official_shahrukh_khanfc/
7,Shah Rukh Khan ღ,@iamsrk.pg,171963,171963,VERIFIED CURRENT,Social Blade / 2026,,,https://www.instagram.com/iamsrk.pg/
8,Shah Rukh Khan Universe,@srkuniversefc,150000,150309,VERIFIED CURRENT,Social Blade / 2026,,,https://www.instagram.com/srkuniversefc/
9,SRKian AMAN,@srkian.aman,101000,97594,VERIFIED CURRENT,Instastatistics / 2026,,,https://www.instagram.com/srkian.aman/
10,Shah Rukh Khan,@shahrukhkhan.emotion,90200,90200,VERIFIED CURRENT,Socialveins / 2026,,,https://www.instagram.com/shahrukhkhan.emotion/
11,Srkian_Faizy,@srkian_faizy,60000,74075,VERIFIED CURRENT,Instastatistics / 2026,,,https://www.instagram.com/srkian_faizy/
12,Shah Rukh Khan,@iamsrkfb,65000,65000,VERIFIED CURRENT,Socialveins / 2026,,,https://www.instagram.com/iamsrkfb/
13,Shah Rukh Khan,@shahrukhkhan.life,62800,62800,VERIFIED CURRENT,Socialveins / 2026,,,https://www.instagram.com/shahrukhkhan.life/
14,iamsrk / srk fan club pune,@srkfeed,52076,52028,VERIFIED CURRENT,Social Blade / 2026,,,https://www.instagram.com/srkfeed/
15,SRK FAN CLUB SHAHADA,@srk_fan_club_shahada,46174,45597,VERIFIED CURRENT,Social Blade / 2026,,,https://www.instagram.com/srk_fan_club_shahada/
16,THE CLUB SRK NAGPUR,@theclubsrk,42300,42300,CONFLICTING PUBLIC SOURCES,Socialveins / 2026,,"Public sources conflict; not treated as exact live count.",https://www.instagram.com/theclubsrk/
17,IAMSRKCLUB,@iamsrkclubofficial,27400,27400,VERIFIED CURRENT,Socialveins / 2026,,,https://www.instagram.com/iamsrkclubofficial/
18,Shah Rukh Khan Fan,@srkian_abhii1,17878,17878,VERIFIED CURRENT,Instastatistics / 2026,,,https://www.instagram.com/srkian_abhii1/
19,Shah Rukh Khan,@srk.ig,15100,15100,VERIFIED CURRENT,Socialveins / 2026,,,https://www.instagram.com/srk.ig/
20,SRK fan page,@srkfan_mm,14685,14685,VERIFIED CURRENT,Social Blade / 2026,,,https://www.instagram.com/srkfan_mm/
21,Shah Rukh Khan,@iam.srk._,8200,8200,VERIFIED CURRENT,Socialveins / 2026,,,https://www.instagram.com/iam.srk._/
22,SRK Club Sangli,@srkclubsangli,8400,7573,VERIFIED CURRENT,Instastatistics / 2026,,,https://www.instagram.com/srkclubsangli/
23,Shah Rukh Khan,@shahrukhfans_,4400,4400,VERIFIED CURRENT,Socialveins / 2026,,,https://www.instagram.com/shahrukhfans_/
24,Shah Rukh Khan,@iamsrk_feed,4200,4200,VERIFIED CURRENT,Socialveins / 2026,,,https://www.instagram.com/iamsrk_feed/
25,Shah Rukh Khan Lovers,@iamsrkl,2262,2262,VERIFIED CURRENT,Social Blade / 2026,,,https://www.instagram.com/iamsrkl/
